<board schema_version="2.0" vendor="xilinx" name="xm105" display_name="FMC XM105 Debug Card" url="http://www.xilinx.com/products/boards-and-kits/HW-FMC-XM105-G.htm">
	<file_version>1.0</file_version> 
	<description>FMC XM105 Debug Card</description>
	<components>
		<component name="J2" type="connector" sub_type="fixed_io"/>
		<component name="J3" type="connector" sub_type="fixed_io"/>
		<component name="J23" type="connector" sub_type="fixed_io"/>
		<component name="J5_FMC_JTAG" type="connector" sub_type="fixed_io"/>
		<component name="SMA" type="connector" sub_type="sma"/>
		
		<!-- <component name="LVDS_CLOCK" major_group="Clock Sources" display_name="FMC programmable clock" type="chip" sub_type="system_clock"/> -->
		
		<component name="EEPROM" major_group="External Memory" display_name="Kb EEPROM" type="chip" sub_type="memory"/>
		<component name="J1" type="connector" sub_type="fixed_io"/>
		<component name="J20" type="connector" sub_type="fixed_io"/>
		<component name="J16" type="connector" sub_type="fixed_io"/>
		<component name="J15" type="connector" sub_type="fixed_io"/>
		<component name="USER_LEDS" major_group="General Purpose Input or Output" display_name="FMC LEDs" type="chip" sub_type="led"/>
		<component name="MICTOR_P1" type="connector" sub_type="fixed_io"/>
		<component name="JTAG" type="chip" sub_type="fixed_io"/>
		<component name="POWER_GOOD_LEDS" major_group="General Purpose Input or Output" display_name="FMC Power Good LEDs" type="chip" sub_type="led"/>
		<component name="hpc_connector" type="connector" sub_type="fmc_hpc" display_name="FMC XM105 Debug Card">
			<parameters>
				<parameter name="mode" value="hpc" value_type="list" range="hpc,lpc"/>
			</parameters>
			<pins>
				<pin index="1" name="" ></pin> <!-- A1 --> 
	    			<pin index="2" name="" ></pin> <!-- A2 -->
				<pin index="3" name="" ></pin> <!-- A3 -->
				<pin index="4" name="" ></pin> <!-- A4 -->
				<pin index="5" name="" ></pin> <!-- A5 -->
				<pin index="6" name="" ></pin> <!-- A6 -->
				<pin index="7" name="" ></pin> <!-- A7 -->
				<pin index="8" name="" ></pin> <!-- A8 -->
				<pin index="9" name="" ></pin> <!-- A9 -->
				<pin index="10" name="" ></pin> <!-- A10 -->
				<pin index="11" name="" ></pin> <!-- A11 -->
				<pin index="12" name="" ></pin> <!-- A12 -->
				<pin index="13" name="" ></pin> <!-- A13 -->
				<pin index="14" name="" ></pin> <!-- A14 -->
				<pin index="15" name="" ></pin> <!-- A15 -->
				<pin index="16" name="" ></pin> <!-- A16 -->
				<pin index="17" name="" ></pin> <!-- A17 -->
				<pin index="18" name="" ></pin> <!-- A18 -->
				<pin index="19" name="" ></pin> <!-- A19 -->
				<pin index="20" name="" ></pin> <!-- A20 -->
				<pin index="21" name="" ></pin> <!-- A21 -->
				<pin index="22" name="" ></pin> <!-- A22 -->
				<pin index="23" name="" ></pin> <!-- A23 -->
				<pin index="24" name="" ></pin> <!-- A24 -->
				<pin index="25" name="" ></pin> <!-- A25 -->
				<pin index="26" name="" ></pin> <!-- A26 -->
				<pin index="27" name="" ></pin> <!-- A27 -->
				<pin index="28" name="" ></pin> <!-- A28 -->
				<pin index="29" name="" ></pin> <!-- A29 -->
				<pin index="30" name="" ></pin> <!-- A30 -->
				<pin index="31" name="" ></pin> <!-- A31 -->
				<pin index="32" name="" ></pin> <!-- A32 -->
				<pin index="33" name="" ></pin> <!-- A33 -->
				<pin index="34" name="" ></pin> <!-- A34 -->
				<pin index="35" name="" ></pin> <!-- A35 -->
				<pin index="36" name="" ></pin> <!-- A36 -->
				<pin index="37" name="" ></pin> <!-- A37 -->
				<pin index="38" name="" ></pin> <!-- A38 -->
				<pin index="39" name="" ></pin> <!-- A39 -->
				<pin index="40" name="" ></pin> <!-- A40 -->
				<pin index="41" name="" ></pin> <!-- B1 -->
				<pin index="42" name="" ></pin> <!-- B2 -->
				<pin index="43" name="" ></pin> <!-- B3 -->
				<pin index="44" name="" ></pin> <!-- B4 -->
				<pin index="45" name="" ></pin> <!-- B5 -->
				<pin index="46" name="" ></pin> <!-- B6 -->
				<pin index="47" name="" ></pin> <!-- B7 -->
				<pin index="48" name="" ></pin> <!-- B8 -->
				<pin index="49" name="" ></pin> <!-- B9 -->
				<pin index="50" name="" ></pin> <!-- B10 -->
				<pin index="51" name="" ></pin> <!-- B11 -->
				<pin index="52" name="" ></pin> <!-- B12 -->
				<pin index="53" name="" ></pin> <!-- B13 -->
				<pin index="54" name="" ></pin> <!-- B14 -->
				<pin index="55" name="" ></pin> <!-- B15 -->
				<pin index="56" name="" ></pin> <!-- B16 -->
				<pin index="57" name="" ></pin> <!-- B17 -->
				<pin index="58" name="" ></pin> <!-- B18 -->
				<pin index="59" name="" ></pin> <!-- B19 -->
				<pin index="60" name="" ></pin> <!-- B20 -->
				<pin index="61" name="" ></pin> <!-- B21 -->
				<pin index="62" name="" ></pin> <!-- B22 -->
				<pin index="63" name="" ></pin> <!-- B23 -->
				<pin index="64" name="" ></pin> <!-- B24 -->
				<pin index="65" name="" ></pin> <!-- B25 -->
				<pin index="66" name="" ></pin> <!-- B26 -->
				<pin index="67" name="" ></pin> <!-- B27 -->
				<pin index="68" name="" ></pin> <!-- B28 -->
				<pin index="69" name="" ></pin> <!-- B29 -->
				<pin index="70" name="" ></pin> <!-- B30 -->
				<pin index="71" name="" ></pin> <!-- B31 -->
				<pin index="72" name="" ></pin> <!-- B32 -->
				<pin index="73" name="" ></pin> <!-- B33 -->
				<pin index="74" name="" ></pin> <!-- B34 -->
				<pin index="75" name="" ></pin> <!-- B35 -->
				<pin index="76" name="" ></pin> <!-- B36 -->
				<pin index="77" name="" ></pin> <!-- B37 -->
				<pin index="78" name="" ></pin> <!-- B38 -->
				<pin index="79" name="" ></pin> <!-- B39 -->
				<pin index="80" name="" ></pin> <!-- B40 -->
				<pin index="81" name="" ></pin> <!-- C1 --> 
	    			<pin index="82" name="" ></pin> <!-- C2 -->
				<pin index="83" name="" ></pin> <!-- C3 -->
				<pin index="84" name="" ></pin> <!-- C4 -->
				<pin index="85" name="" ></pin> <!-- C5 -->
				<pin index="86" name="" ></pin> <!-- C6 -->
				<pin index="87" name="" ></pin> <!-- C7 -->
				<pin index="88" name="" ></pin> <!-- C8 -->
				<pin index="89" name="" ></pin> <!-- C9 -->
				<pin index="90" name="fmc_la06_p" ></pin> <!-- C10 -->
				<pin index="91" name="fmc_la06_n" ></pin> <!-- C11 -->
				<pin index="92" name="" ></pin> <!-- C12 -->
				<pin index="93" name="" ></pin> <!-- C13 -->
				<pin index="94" name="fmc_la10_p" ></pin> <!-- C14 -->
				<pin index="95" name="fmc_la10_n" ></pin> <!-- C15 -->
				<pin index="96" name="" ></pin> <!-- C16 -->
				<pin index="97" name="" ></pin> <!-- C17 -->
				<pin index="98" name="fmc_la14_p" ></pin> <!-- C18 -->
				<pin index="99" name="fmc_la14_n" ></pin> <!-- C19 -->
				<pin index="100" name="" ></pin> <!-- C20 -->
				<pin index="101" name="" ></pin> <!-- C21 -->
				<pin index="102" name="fmc_la18_cc_p" ></pin> <!-- C22 -->
				<pin index="103" name="fmc_la18_cc_n" ></pin> <!-- C23 -->
				<pin index="104" name="" ></pin> <!-- C24 -->
				<pin index="105" name="" ></pin> <!-- C25 -->
				<pin index="106" name="fmc_la27_p" ></pin> <!-- C26 -->
				<pin index="107" name="fmc_la27_n" ></pin> <!-- C27 -->
				<pin index="108" name="" ></pin> <!-- C28 -->
				<pin index="109" name="" ></pin> <!-- C29 -->
				<pin index="110" name="iic_scl_main" ></pin> <!-- C30 -->
				<pin index="111" name="iic_sda_main" ></pin> <!-- C31 -->
				<pin index="112" name="" ></pin> <!-- C32 -->
				<pin index="113" name="" ></pin> <!-- C33 -->
				<pin index="114" name="ga0" ></pin> <!-- C34 -->
				<pin index="115" name="vcc12" ></pin> <!-- C35 -->
				<pin index="116" name="" ></pin> <!-- C36 -->
				<pin index="117" name="vcc12" ></pin> <!-- C37 -->
				<pin index="118" name="" ></pin> <!-- C38 -->
				<pin index="119" name="vcc3v3" ></pin> <!-- C39 -->
				<pin index="120" name="" ></pin> <!-- C40 -->
				<pin index="121" name="pg_c2m" ></pin> <!-- D1 -->
				<pin index="122" name="" ></pin> <!-- D2 -->
				<pin index="123" name="" ></pin> <!-- D3 -->
				<pin index="124" name="" ></pin> <!-- D4 -->
				<pin index="125" name="" ></pin> <!-- D5 -->
				<pin index="126" name="" ></pin> <!-- D6 -->
				<pin index="127" name="" ></pin> <!-- D7 -->
				<pin index="128" name="fmc_la01_cc_p" ></pin> <!-- D8 -->
				<pin index="129" name="fmc_la01_cc_n" ></pin> <!-- D9 -->
				<pin index="130" name="" ></pin> <!-- D10 -->
				<pin index="131" name="fmc_la05_p" ></pin> <!-- D11 -->
				<pin index="132" name="fmc_la05_n" ></pin> <!-- D12 -->
				<pin index="133" name="" ></pin> <!-- D13 -->
				<pin index="134" name="fmc_la09_p" ></pin> <!-- D14 -->
				<pin index="135" name="fmc_la09_n" ></pin> <!-- D15 -->
				<pin index="136" name="" ></pin> <!-- D16 -->
				<pin index="137" name="fmc_la13_p" ></pin> <!-- D17 -->
				<pin index="138" name="fmc_la13_n" ></pin> <!-- D18 -->
				<pin index="139" name="" ></pin> <!-- D19 -->
				<pin index="140" name="fmc_la17_cc_p" ></pin> <!-- D20 -->
				<pin index="141" name="fmc_la17_cc_p" ></pin> <!-- D21 -->
				<pin index="142" name="" ></pin> <!-- D22 -->
				<pin index="143" name="fmc_la23_p" ></pin> <!-- D23 -->
				<pin index="144" name="fmc_la23_n" ></pin> <!-- D24 -->
				<pin index="145" name="" ></pin> <!-- D25 -->
				<pin index="146" name="fmc_la26_p" ></pin> <!-- D26 -->
				<pin index="147" name="fmc_la26_n" ></pin> <!-- D27 -->
				<pin index="148" name="" ></pin> <!-- D28 -->
				<pin index="149" name="fmc_tck" ></pin> <!-- D29 -->
				<pin index="150" name="fmc_tdi" ></pin> <!-- D30 -->
				<pin index="151" name="fmc_tdo" ></pin> <!-- D31 -->
				<pin index="152" name="vcc3v3_aux" ></pin> <!-- D32 -->
				<pin index="153" name="fmc_tms" ></pin> <!-- D33 -->
				<pin index="154" name="" ></pin> <!-- D34 -->
				<pin index="155" name="ga1" ></pin> <!-- D35 -->
				<pin index="156" name="vcc3v3" ></pin> <!-- D36 -->
				<pin index="157" name="" ></pin> <!-- D37 -->
				<pin index="158" name="vcc3v3" ></pin> <!-- D38 -->
				<pin index="159" name="" ></pin> <!-- D39 -->
				<pin index="160" name="vcc3v3" ></pin> <!-- D40 -->
				<pin index="161" name="" ></pin> <!-- E1 -->
				<pin index="162" name="fmc_ha01_cc_p" ></pin> <!-- E2 -->
				<pin index="163" name="fmc_ha01_cc_n" ></pin> <!-- E3 -->
				<pin index="164" name="" ></pin> <!-- E4 -->
				<pin index="165" name="" ></pin> <!-- E5 -->
				<pin index="166" name="fmc_ha05_p" ></pin> <!-- E6 -->
				<pin index="167" name="fmc_ha05_n" ></pin> <!-- E7 -->
				<pin index="168" name="" ></pin> <!-- E8 -->
				<pin index="169" name="fmc_ha09_p" ></pin> <!-- E9 -->
				<pin index="170" name="fmc_ha09_n" ></pin> <!-- E10 -->
				<pin index="171" name="" ></pin> <!-- E11 -->
				<pin index="172" name="fmc_ha13_p" ></pin> <!-- E12 -->
				<pin index="173" name="fmc_ha13_n" ></pin> <!-- E13 -->
				<pin index="174" name="" ></pin> <!-- E14 -->
				<pin index="175" name="fmc_ha16_p" ></pin> <!-- E15 -->
				<pin index="176" name="fmc_ha16_n" ></pin> <!-- E16 -->
				<pin index="177" name="" ></pin> <!-- E17 -->
				<pin index="178" name="fmc_ha20_p" ></pin> <!-- E18 -->
				<pin index="179" name="fmc_ha20_n" ></pin> <!-- E19 -->
				<pin index="180" name="" ></pin> <!-- E20 -->
				<pin index="181" name="fmc_hb03_p" ></pin> <!-- E21 -->
				<pin index="182" name="fmc_hb03_n" ></pin> <!-- E22 -->
				<pin index="183" name="" ></pin> <!-- E23 -->
				<pin index="184" name="fmc_hb05_p" ></pin> <!-- E24 -->
				<pin index="185" name="fmc_hb05_n" ></pin> <!-- E25 -->
				<pin index="186" name="" ></pin> <!-- E26 -->
				<pin index="187" name="fmc_hb09_p" ></pin> <!-- E27 -->
				<pin index="188" name="fmc_hb09_n" ></pin> <!-- E28 -->
				<pin index="189" name="" ></pin> <!-- E29 -->
				<pin index="190" name="fmc_hb13_p" ></pin> <!-- E30 -->
				<pin index="191" name="fmc_hb13_n" ></pin> <!-- E31 -->
				<pin index="192" name="" ></pin> <!-- E32 -->
				<pin index="193" name="fmc_hb19_p" ></pin> <!-- E33 -->
				<pin index="194" name="fmc_hb19_n" ></pin> <!-- E34 -->
				<pin index="195" name="" ></pin> <!-- E35 -->
				<pin index="196" name="fmc_hb21_p" ></pin> <!-- E36 -->
				<pin index="197" name="fmc_hb21_n" ></pin> <!-- E37 -->
				<pin index="198" name="" ></pin> <!-- E38 -->
				<pin index="199" name="vadj" ></pin> <!-- E39 -->
				<pin index="200" name="" ></pin> <!-- E40 -->
				<pin index="201" name="fmc_pg_m2c" ></pin> <!-- F1 -->
				<pin index="202" name="" ></pin> <!-- F2 -->
				<pin index="203" name="" ></pin> <!-- F3 -->
				<pin index="204" name="fmc_ha00_cc_p" ></pin> <!-- F4 -->
				<pin index="205" name="fmc_ha00_cc_n" ></pin> <!-- F5 -->
				<pin index="206" name="" ></pin> <!-- F6 -->
				<pin index="207" name="fmc_ha04_p" ></pin> <!-- F7 -->
				<pin index="208" name="fmc_ha04_n" ></pin> <!-- F8 -->
				<pin index="209" name="" ></pin> <!-- F9 -->
				<pin index="210" name="fmc_ha08_p" ></pin> <!-- F10 -->
				<pin index="211" name="fmc_ha08_n" ></pin> <!-- F11 -->
				<pin index="212" name="" ></pin> <!-- F12 -->
				<pin index="213" name="fmc_ha12_p" ></pin> <!-- F13 -->
				<pin index="214" name="fmc_ha12_n" ></pin> <!-- F14 -->
				<pin index="215" name="" ></pin> <!-- F15 -->
				<pin index="216" name="fmc_ha15_p" ></pin> <!-- F16 -->
				<pin index="217" name="fmc_ha15_n" ></pin> <!-- F17 -->
				<pin index="218" name="" ></pin> <!-- F18 -->
				<pin index="219" name="fmc_ha19_p" ></pin> <!-- F19 -->
				<pin index="220" name="fmc_ha19_n" ></pin> <!-- F20 -->
				<pin index="221" name="" ></pin> <!-- F21 -->
				<pin index="222" name="fmc_hb02_p" ></pin> <!-- F22 -->
				<pin index="223" name="fmc_hb02_n" ></pin> <!-- F23 -->
				<pin index="224" name="" ></pin> <!-- F24 -->
				<pin index="225" name="fmc_hb04_p" ></pin> <!-- F25 -->
				<pin index="226" name="fmc_hb04_n" ></pin> <!-- F26 -->
				<pin index="227" name="" ></pin> <!-- F27 -->
				<pin index="228" name="fmc_hb08_p" ></pin> <!-- F28 -->
				<pin index="229" name="fmc_hb08_n" ></pin> <!-- F29 -->
				<pin index="230" name="" ></pin> <!-- F30 -->
				<pin index="231" name="fmc_hb12_p" ></pin> <!-- F31 -->
				<pin index="232" name="fmc_hb12_n" ></pin> <!-- F32 -->
				<pin index="233" name="" ></pin> <!-- F33 -->
				<pin index="234" name="fmc_hb16_p" ></pin> <!-- F34 -->
				<pin index="235" name="fmc_hb16_n" ></pin> <!-- F35 -->
				<pin index="236" name="" ></pin> <!-- F36 -->
				<pin index="237" name="fmc_hb20_p" ></pin> <!-- F37 -->
				<pin index="238" name="fmc_hb20_n" ></pin> <!-- F38 -->
				<pin index="239" name="" ></pin> <!-- F39 -->
				<pin index="240" name="vadj" ></pin> <!-- F40 -->
				<pin index="241" name="" ></pin> <!-- G1 -->
				<pin index="242" name="clk1_m2c_p" ></pin> <!-- G2 -->
				<pin index="243" name="clk1_m2c_n" ></pin> <!-- G3 -->
				<pin index="244" name="" ></pin> <!-- G4 -->
				<pin index="245" name="" ></pin> <!-- G5 -->
				<pin index="246" name="fmc_la00_cc_p" ></pin> <!-- G6 -->
				<pin index="247" name="fmc_la00_cc_n" ></pin> <!-- G7 -->
				<pin index="248" name="" ></pin> <!-- G8 -->
				<pin index="249" name="fmc_la03_p" ></pin> <!-- G9 -->
				<pin index="250" name="fmc_la03_n" ></pin> <!-- G10 -->
				<pin index="251" name="" ></pin> <!-- G11 -->
				<pin index="252" name="fmc_la08_p" ></pin> <!-- G12 -->
				<pin index="253" name="fmc_la08_n" ></pin> <!-- G13 -->
				<pin index="254" name="" ></pin> <!-- G14 -->
				<pin index="255" name="fmc_la12_p" ></pin> <!-- G15 -->
				<pin index="256" name="fmc_la12_n" ></pin> <!-- G16 -->
				<pin index="257" name="" ></pin> <!-- G17 -->
				<pin index="258" name="fmc_la16_p" ></pin> <!-- G18 -->
				<pin index="259" name="fmc_la16_n" ></pin> <!-- G19 -->
				<pin index="260" name="" ></pin> <!-- G20 -->
				<pin index="261" name="fmc_la20_p" ></pin> <!-- G21 -->
				<pin index="262" name="fmc_la20_n" ></pin> <!-- G22 -->
				<pin index="263" name="" ></pin> <!-- G23 -->
				<pin index="264" name="fmc_la22_p" ></pin> <!-- G24 -->
				<pin index="265" name="fmc_la22_n" ></pin> <!-- G25 -->
				<pin index="266" name="" ></pin> <!-- G26 -->
				<pin index="267" name="fmc_la25_p" ></pin> <!-- G27 -->
				<pin index="268" name="fmc_la25_n" ></pin> <!-- G28 -->
				<pin index="269" name="" ></pin> <!-- G29 -->
				<pin index="270" name="fmc_la29_p" ></pin> <!-- G30 -->
				<pin index="271" name="fmc_la29_n" ></pin> <!-- G31 -->
				<pin index="272" name="" ></pin> <!-- G32 -->
				<pin index="273" name="fmc_la31_p" ></pin> <!-- G33 -->
				<pin index="274" name="fmc_la31_n" ></pin> <!-- G34 -->
				<pin index="275" name="" ></pin> <!-- G35 -->
				<pin index="276" name="fmc_la33_p" ></pin> <!-- G36 -->
				<pin index="277" name="fmc_la33_n" ></pin> <!-- G37 -->
				<pin index="278" name="vadj" ></pin> <!-- G38 -->
				<pin index="279" name="" ></pin> <!-- G39 -->
				<pin index="280" name="" ></pin> <!-- G40 -->
				<pin index="281" name="" ></pin> <!-- H1 -->
				<pin index="282" name="prsnt_m2c_l" ></pin> <!-- H2 -->
				<pin index="283" name="" ></pin> <!-- H3 -->
				<pin index="284" name="clk0_m2c_p" iostandard="lvds" ></pin> <!-- H4 -->
				<pin index="285" name="clk0_m2c_n" iostandard="lvds"></pin> <!-- H5 -->
				<pin index="286" name="" ></pin> <!-- H6 -->
				<pin index="287" name="fmc_la02_p" ></pin> <!-- H7 -->
				<pin index="288" name="fmc_la02_n" ></pin> <!-- H8 -->
				<pin index="289" name="" ></pin> <!-- H9 -->
				<pin index="290" name="fmc_la04_p" ></pin> <!-- H10 -->
				<pin index="291" name="fmc_la04_n" ></pin> <!-- H11 -->
				<pin index="292" name="" ></pin> <!-- H12 -->
				<pin index="293" name="fmc_la07_p" ></pin> <!-- H13 -->
				<pin index="294" name="fmc_la07_n" ></pin> <!-- H14 -->
				<pin index="295" name="" ></pin> <!-- H15 -->
				<pin index="296" name="fmc_la11_p" ></pin> <!-- H16 -->
				<pin index="297" name="fmc_la11_n" ></pin> <!-- H17 -->
				<pin index="298" name="" ></pin> <!-- H18 -->
				<pin index="299" name="fmc_la15_p" ></pin> <!-- H19 -->
				<pin index="300" name="fmc_la15_n" ></pin> <!-- H20 -->
				<pin index="301" name="" ></pin> <!-- H21 -->
				<pin index="302" name="fmc_la19_p" ></pin> <!-- H22 -->
				<pin index="303" name="fmc_la19_n" ></pin> <!-- H23 -->
				<pin index="304" name="" ></pin> <!-- H24 -->
				<pin index="305" name="fmc_la21_p" ></pin> <!-- H25 -->
				<pin index="306" name="fmc_la21_n" ></pin> <!-- H26 -->
				<pin index="307" name="" ></pin> <!-- H27 -->
				<pin index="308" name="fmc_la24_p" ></pin> <!-- H28 -->
				<pin index="309" name="fmc_la24_n" ></pin> <!-- H29 -->
				<pin index="310" name="" ></pin> <!-- H30 -->
				<pin index="311" name="fmc_la28_p" ></pin> <!-- H31 -->
				<pin index="312" name="fmc_la28_n" ></pin> <!-- H32 -->
				<pin index="313" name="" ></pin> <!-- H33 -->
				<pin index="314" name="fmc_la30_p" ></pin> <!-- H34 -->
				<pin index="315" name="fmc_la30_n" ></pin> <!-- H35 -->
				<pin index="316" name="" ></pin> <!-- H36 -->
				<pin index="317" name="fmc_la32_p" ></pin> <!-- H37 -->
				<pin index="318" name="fmc_la32_n" ></pin> <!-- H38 -->
				<pin index="319" name="" ></pin> <!-- H39 -->
				<pin index="320" name="vadj" ></pin> <!-- H40 -->

				<pin index="321" name="" ></pin> <!-- J1 -->
				<pin index="322" name="" ></pin> <!-- J2 -->
				<pin index="323" name="" ></pin> <!-- J3 -->
				<pin index="324" name="" ></pin> <!-- J4 -->
				<pin index="325" name="" ></pin> <!-- J5 -->
				<pin index="326" name="fmc_ha03_p" ></pin> <!-- J6 -->
				<pin index="327" name="fmc_ha03_n" ></pin> <!-- J7 -->
				<pin index="328" name="" ></pin> <!-- J8 -->
				<pin index="329" name="fmc_ha07_p" ></pin> <!-- J9 -->
				<pin index="330" name="fmc_ha07_n" ></pin> <!-- J10 -->
				<pin index="331" name="" ></pin> <!-- J11 -->
				<pin index="332" name="fmc_ha11_p" ></pin> <!-- J12 -->
				<pin index="333" name="fmc_ha11_n" ></pin> <!-- J13 -->
				<pin index="334" name="" ></pin> <!-- J14 -->
				<pin index="335" name="fmc_ha14_p" ></pin> <!-- J15 -->
				<pin index="336" name="fmc_ha14_n" ></pin> <!-- J16 -->
				<pin index="337" name="" ></pin> <!-- J17 -->
				<pin index="338" name="fmc_ha18_p" ></pin> <!-- J18 -->
				<pin index="339" name="fmc_ha18_n" ></pin> <!-- J19 -->
				<pin index="340" name="" ></pin> <!-- J20 -->
				<pin index="341" name="fmc_ha22_p" ></pin> <!-- J21 -->
				<pin index="342" name="fmc_ha22_n" ></pin> <!-- J22 -->
				<pin index="343" name="" ></pin> <!-- J23 -->
				<pin index="344" name="fmc_hb01_p" ></pin> <!-- J24 -->
				<pin index="345" name="fmc_hb01_n" ></pin> <!-- J25 -->
				<pin index="346" name="" ></pin> <!-- J26 -->
				<pin index="347" name="fmc_hb07_p" ></pin> <!-- J27 -->
				<pin index="348" name="fmc_hb07_n" ></pin> <!-- J28 -->
				<pin index="349" name="" ></pin> <!-- J29 -->
				<pin index="350" name="fmc_hb11_p" ></pin> <!-- J30 -->
				<pin index="351" name="fmc_hb11_n" ></pin> <!-- J31 -->
				<pin index="352" name="" ></pin> <!-- J32 -->
				<pin index="353" name="fmc_hb15_p" ></pin> <!-- J33 -->
				<pin index="354" name="fmc_hb15_n" ></pin> <!-- J34 -->
				<pin index="355" name="" ></pin> <!-- J35 -->
				<pin index="356" name="fmc_hb18_p" ></pin> <!-- J36 -->
				<pin index="357" name="fmc_hb18_n" ></pin> <!-- J37 -->
				<pin index="358" name="" ></pin> <!-- J38 -->
				<pin index="359" name="vadj" ></pin> <!-- J39 -->
				<pin index="360" name="" ></pin> <!-- J40 -->
				<pin index="361" name="" ></pin> <!-- K1 -->
				<pin index="362" name="" ></pin> <!-- K2 -->
				<pin index="363" name="" ></pin> <!-- K3 -->
				<pin index="364" name="" ></pin> <!-- K4 -->
				<pin index="365" name="" ></pin> <!-- K5 -->
				<pin index="366" name="" ></pin> <!-- K6 -->
				<pin index="367" name="fmc_ha02_p" ></pin> <!-- K7 -->
				<pin index="368" name="fmc_ha02_n" ></pin> <!-- K8 -->
				<pin index="369" name="" ></pin> <!-- K9 -->
				<pin index="370" name="fmc_ha06_p" ></pin> <!-- K10 -->
				<pin index="371" name="fmc_ha06_n" ></pin> <!-- K11 -->
				<pin index="372" name="" ></pin> <!-- K12 -->
				<pin index="373" name="fmc_la10_p" ></pin> <!-- K13 -->
				<pin index="374" name="fmc_la10_n" ></pin> <!-- K14 -->
				<pin index="375" name="" ></pin> <!-- K15 -->
				<pin index="376" name="fmc_ha17_cc_p" ></pin> <!-- K16 -->
				<pin index="377" name="fmc_ha17_cc_n" ></pin> <!-- K17 -->
				<pin index="378" name="" ></pin> <!-- K18 -->
				<pin index="379" name="fmc_ha21_p" ></pin> <!-- K19 -->
				<pin index="380" name="fmc_ha21_n" ></pin> <!-- K20 -->
				<pin index="381" name="" ></pin> <!-- K21 -->
				<pin index="382" name="fmc_ha23_p" ></pin> <!-- K22 -->
				<pin index="383" name="fmc_ha23_n" ></pin> <!-- K23 -->
				<pin index="384" name="" ></pin> <!-- K24 -->
				<pin index="385" name="fmc_hb00_cc_p" ></pin> <!-- K25 -->
				<pin index="386" name="fmc_hb00_cc_n" ></pin> <!-- K26 -->
				<pin index="387" name="" ></pin> <!-- K27 -->
				<pin index="388" name="fmc_hb06_cc_p" ></pin> <!-- K28 -->
				<pin index="389" name="fmc_hb06_cc_n" ></pin> <!-- K29 -->
				<pin index="390" name="" ></pin> <!-- K30 -->
				<pin index="391" name="fmc_hb10_p" ></pin> <!-- K31 -->
				<pin index="392" name="fmc_hb10_n" ></pin> <!-- K32 -->
				<pin index="393" name="" ></pin> <!-- K33 -->
				<pin index="394" name="fmc_hb14_p" ></pin> <!-- K34 -->
				<pin index="395" name="fmc_hb14_n" ></pin> <!-- K35 -->
				<pin index="396" name="" ></pin> <!-- K36 -->
				<pin index="397" name="fmc_hb17_cc_p" ></pin> <!-- K37 -->
				<pin index="398" name="fmc_hb17_cc_n" ></pin> <!-- K38 -->
				<pin index="399" name="" ></pin> <!-- K39 -->
		    		<pin index="400" name="vadj" ></pin> <!-- K40 -->
			</pins>
			<interfaces>
			
				<!-- <interface mode="slave" name="lvds_clock" type="xilinx.com:interface:diff_clock_rtl:1.0" of_component="LVDS_CLOCK">
					<port_maps>
						<port_map logical_port="CLK_P" physical_port="lvds_clkp" dir="in">
							<pin_maps>
								<pin_map port_index="0" component_pin="clk0_m2c_p"/>
							</pin_maps>
						</port_map>
						<port_map logical_port="CLK_N" physical_port="lvds_clkn" dir="in">
							<pin_maps>
								<pin_map port_index="0" component_pin="clk0_m2c_n"/>
							</pin_maps>
						</port_map>
					</port_maps>
					<parameters>
						<parameter name="frequency" value="156250000" />
					</parameters>

				</interface> -->
				
				<interface mode="master" name="eeprom_iic" type="xilinx.com:interface:iic:1.0" of_component="EEPROM">
					<port_maps>
						<port_map logical_port="SDA_I" physical_port="iic_main_sda" dir="inout">
							<pin_maps>
								<pin_map port_index="0" component_pin="iic_sda_main"/>
							</pin_maps>
						</port_map>
						<port_map logical_port="SDA_O" physical_port="iic_main_sda" dir="inout">
							<pin_maps>
								<pin_map port_index="0" component_pin="iic_sda_main"/>
							</pin_maps>
						</port_map>
						<port_map logical_port="SDA_T" physical_port="iic_main_sda" dir="inout">
							<pin_maps>
								<pin_map port_index="0" component_pin="iic_sda_main"/>
							</pin_maps>
						</port_map>
						<port_map logical_port="SCL_I" physical_port="iic_main_scl" dir="inout">
							<pin_maps>
								<pin_map port_index="0" component_pin="iic_scl_main"/>
							</pin_maps>
						</port_map>
						<port_map logical_port="SCL_O" physical_port="iic_main_scl" dir="inout">
							<pin_maps>
								<pin_map port_index="0" component_pin="iic_scl_main"/>
							</pin_maps>
						</port_map>
						<port_map logical_port="SCL_T" physical_port="iic_main_scl" dir="inout">
							<pin_maps>
								<pin_map port_index="0" component_pin="iic_scl_main"/>
							</pin_maps>
						</port_map>
					</port_maps>
				</interface>
<!-- power good not user driven
				<interface mode="slave" name="led" type="xilinx.com:interface:gpio_rtl:1.0" of_component="POWER_GOOD_LEDS">
					<port_maps>
						<port_map logical_port="TRI_O" physical_port="leds" dir="out" left="2" right="0">
							<pin_maps>
								<pin_map port_index="0" component_pin="pg_c2m"/>
							</pin_maps>
						</port_map>
					</port_maps>
				</interface>
-->
				<interface mode="master" name="led_4bits" type="xilinx.com:interface:gpio_rtl:1.0" of_component="USER_LEDS">
					<port_maps>
						<port_map logical_port="TRI_O" physical_port="leds_4bits" dir="out" left="3" right="0">
							<pin_maps>
								<pin_map port_index="0" component_pin="fmc_la32_p"/>
								<pin_map port_index="1" component_pin="fmc_la32_n"/>
								<pin_map port_index="2" component_pin="fmc_la33_p"/>
								<pin_map port_index="3" component_pin="fmc_la33_n"/>
							</pin_maps>
						</port_map>
					</port_maps>
				</interface>
			</interfaces>
		</component>
	</components>
	
	<connections>
	
		<!-- <connection name="HPC_connector_LVDS_CLOCK" component1="hpc_connector" component2="LVDS_CLOCK">
			<connection_map name="HPC_connector_LVDS_CLOCK_1" typical_delay="5" c1_st_index="284" c1_end_index="285" c2_st_index="0" c2_end_index="1"/>
		</connection> -->
		
		<connection name="HPC_connector_EEPROM" component1="hpc_connector" component2="EEPROM">
			<connection_map name="HPC_connector_EEPROM_1" typical_delay="5" c1_st_index="110" c1_end_index="111" c2_st_index="0" c2_end_index="1"/>
		</connection>
		<connection name="HPC_connector_USER_LEDS" component1="hpc_connector" component2="USER_LEDS">
			<connection_map name="HPC_connector_USER_LEDS_1" typical_delay="5" c1_st_index="317" c1_end_index="318" c2_st_index="0" c2_end_index="1"/>
			<connection_map name="HPC_connector_USER_LEDS_1" typical_delay="5" c1_st_index="276" c1_end_index="277" c2_st_index="2" c2_end_index="3"/>
		</connection>
<!--
		<connection name="HPC_connector_POWER_GOOD_LEDS" component1="hpc_connector" component2="POWER_GOOD_LEDS">
			<connection_map name="HPC_connector_POWER_GOOD_LEDS_1" typical_delay="5" c1_st_index="9" c1_end_index="9" c2_st_index="0" c2_end_index="7"/>
		</connection>
-->
	</connections>
</board>
