<?xml version="1.0" encoding="UTF-8" standalone="no"?> 
<part_info part_name="xc7a200tfbg676-2">
<pins>
  <pin index="0" name ="dip_switches_tri_i_0" iostandard="SSTL15" loc="R8"/>
  <pin index="1" name ="dip_switches_tri_i_1" iostandard="SSTL15" loc="P8"/>
  <pin index="2" name ="dip_switches_tri_i_2" iostandard="SSTL15" loc="R7"/>
  <pin index="3" name ="dip_switches_tri_i_3" iostandard="SSTL15" loc="R6"/>
  <pin index="4" name ="iic_main_scl_i" iostandard="LVCMOS33" loc="N18"/>
  <pin index="5" name ="iic_main_sda_i" iostandard="LVCMOS33" loc="K25"/>
  <pin index="6" name ="IIC_MUX_RESET_B" iostandard="LVCMOS33" loc="R17"/>
  <pin index="7" name ="lcd_7bits_tri_o_0" iostandard="LVCMOS33" loc="L20"/>
  <pin index="8" name ="lcd_7bits_tri_o_1" iostandard="LVCMOS33" loc="L23"/>
  <pin index="9" name ="lcd_7bits_tri_o_2" iostandard="LVCMOS33" loc="L24"/>
  <pin index="10" name ="lcd_7bits_tri_o_3" iostandard="LVCMOS33" loc="L22"/>
  <pin index="11" name ="lcd_7bits_tri_o_4" iostandard="LVCMOS33" loc="M25"/>
  <pin index="12" name ="lcd_7bits_tri_o_5" iostandard="LVCMOS33" loc="M24"/>
  <pin index="13" name ="lcd_7bits_tri_o_6" iostandard="LVCMOS33" loc="L25"/>
  <pin index="14" name ="leds_4bits_tri_o_0" iostandard="LVCMOS33" loc="M26"/>
  <pin index="15" name ="leds_4bits_tri_o_1" iostandard="LVCMOS33" loc="T24"/>
  <pin index="16" name ="leds_4bits_tri_o_2" iostandard="LVCMOS33" loc="T25"/>
  <pin index="17" name ="leds_4bits_tri_o_3" iostandard="LVCMOS33" loc="R26"/>
  <pin index="18" name ="mdc" iostandard="LVCMOS18" loc="W18"/>
  <pin index="19" name ="mdio_i" iostandard="LVCMOS18" loc="T14"/>
  <pin index="20" name ="phy_rst_out" iostandard="LVCMOS18" loc="V18"/>
  <pin index="21" name ="push_buttons_5bits_tri_i_0" iostandard="LVCMOS15" loc="P6"/>
  <pin index="22" name ="push_buttons_5bits_tri_i_1" iostandard="SSTL15" loc="T5"/>
  <pin index="23" name ="push_buttons_5bits_tri_i_2" iostandard="SSTL15" loc="U5"/>
  <pin index="24" name ="push_buttons_5bits_tri_i_3" iostandard="SSTL15" loc="R5"/>
  <pin index="25" name ="push_buttons_5bits_tri_i_4" iostandard="SSTL15" loc="U6"/>
  <pin index="26" name ="RESET" iostandard="LVCMOS15" loc="U4"/>
  <pin index="27" name ="rgmii_rd_0" iostandard="HSTL_I_18" loc="U17" iobank.internal_vref="0.9"/>
  <pin index="28" name ="rgmii_rd_1" iostandard="HSTL_I_18" loc="V17" iobank.internal_vref="0.9"/>
  <pin index="29" name ="rgmii_rd_2" iostandard="HSTL_I_18" loc="V16" iobank.internal_vref="0.9"/>
  <pin index="30" name ="rgmii_rd_3" iostandard="HSTL_I_18" loc="V14" iobank.internal_vref="0.9"/>
  <pin index="31" name ="rgmii_rxc" iostandard="HSTL_I_18" loc="U21" iobank.internal_vref="0.9"/>
  <pin index="32" name ="rgmii_rx_ctl" iostandard="HSTL_I_18" loc="U14" iobank.internal_vref="0.9"/>
  <pin index="33" name ="rgmii_td_0" iostandard="HSTL_I_18" loc="U16" iobank.internal_vref="0.9"/>
  <pin index="34" name ="rgmii_td_1" iostandard="HSTL_I_18" loc="U15" iobank.internal_vref="0.9"/>
  <pin index="35" name ="rgmii_td_2" iostandard="HSTL_I_18" loc="T18" iobank.internal_vref="0.9"/>
  <pin index="36" name ="rgmii_td_3" iostandard="HSTL_I_18" loc="T17" iobank.internal_vref="0.9"/>
  <pin index="37" name ="rgmii_txc" iostandard="HSTL_I_18" loc="U22" iobank.internal_vref="0.9"/>
  <pin index="38" name ="rgmii_tx_ctl" iostandard="HSTL_I_18" loc="T15" iobank.internal_vref="0.9"/>
  <pin index="39" name ="rotary_inca_push_incb_tri_i_0" iostandard="LVCMOS33" loc="N22"/>
  <pin index="40" name ="rotary_inca_push_incb_tri_i_1" iostandard="LVCMOS33" loc="N21"/>
  <pin index="41" name ="rotary_inca_push_incb_tri_i_2" iostandard="LVCMOS33" loc="P20"/>
  <pin index="42" name ="rs232_uart_rxd" iostandard="LVCMOS18" loc="T19"/>
  <pin index="43" name ="rs232_uart_txd" iostandard="LVCMOS18" loc="U19"/>
  <pin index="44" name ="sfp_mgt_clk0n" iostandard="LVDS_25" loc="AB13"/>
  <pin index="45" name ="sfp_mgt_clk0p" iostandard="LVDS_25" loc="AA13"/>
  <pin index="46" name ="sfp_mgt_clk1n" iostandard="LVDS_25" loc="AB11"/>
  <pin index="47" name ="sfp_mgt_clk1p" iostandard="LVDS_25" loc="AA11"/>
  <pin index="48" name ="sfp_rxn" loc="AD12"/>
  <pin index="49" name ="sfp_rxp" loc="AC12"/>
  <pin index="50" name ="sfp_sgmii_txn" loc="AD10"/>
  <pin index="51" name ="sfp_sgmii_txp" loc="AC10"/>
  <pin index="52" name ="sma_lvds_rxn" iostandard="DIFF_SSTL15" loc="H23"/>
  <pin index="53" name ="sma_lvds_rxp" iostandard="DIFF_SSTL15" loc="J23"/>
  <pin index="54" name ="sma_lvds_txn" iostandard="DIFF_SSTL15" loc="T7"/>
  <pin index="55" name ="sma_lvds_txp" iostandard="DIFF_SSTL15" loc="T8"/>
  <pin index="56" name ="sma_sfp_rxn" loc="AF11"/>
  <pin index="57" name ="sma_sfp_rxp" loc="AE11"/>
  <pin index="58" name ="sma_sfp_txn" loc="AF7"/>
  <pin index="59" name ="sma_sfp_txp" loc="AE7"/>
  <pin index="60" name ="spi_io0_i" iostandard="LVCMOS33" loc="R14"/>
  <pin index="61" name ="spi_io1_i" iostandard="LVCMOS33" loc="R15"/>
  <pin index="62" name ="spi_io2_i" iostandard="LVCMOS33" loc="P14"/>
  <pin index="63" name ="spi_io3_i" iostandard="LVCMOS33" loc="N14"/>
  <pin index="64" name ="spi_ss_i_0" iostandard="LVCMOS33" loc="P18"/>
  <pin index="65" name ="SYSCLK_N" iostandard="LVDS_25" loc="P3"/>
  <pin index="66" name ="SYSCLK_P" iostandard="LVDS_25" loc="R3"/>
</pins>
</part_info>
